{"meta":{"app":"https://ctjs.rocks/","version":"2.0.2","image":"a0.png","format":"RGBA8888","size":{"w":1024,"h":1024},"scale":"1"},"frames":{"ArrowL@frame0":{"frame":{"x":1,"y":1,"w":37,"h":29},"rotated":false,"trimmed":false,"spriteSourceSize":{"x":0,"y":0,"w":37,"h":29},"sourceSize":{"w":37,"h":29},"anchor":{"x":0,"y":0},"shape":{"type":"rect","top":0,"bottom":29,"left":0,"right":37}},"ArrowR@frame0":{"frame":{"x":1,"y":32,"w":37,"h":29},"rotated":false,"trimmed":false,"spriteSourceSize":{"x":0,"y":0,"w":37,"h":29},"sourceSize":{"w":37,"h":29},"anchor":{"x":0,"y":0},"shape":{"type":"rect","top":0,"bottom":29,"left":0,"right":37}},"Coin1@frame0":{"frame":{"x":1,"y":63,"w":55,"h":57},"rotated":false,"trimmed":false,"spriteSourceSize":{"x":0,"y":0,"w":55,"h":57},"sourceSize":{"w":55,"h":57},"anchor":{"x":0,"y":0},"shape":{"type":"rect","top":0,"bottom":57,"left":0,"right":55}},"Coin2@frame0":{"frame":{"x":40,"y":1,"w":55,"h":57},"rotated":false,"trimmed":false,"spriteSourceSize":{"x":0,"y":0,"w":55,"h":57},"sourceSize":{"w":55,"h":57},"anchor":{"x":0,"y":0},"shape":{"type":"rect","top":0,"bottom":57,"left":0,"right":55}},"Coin3@frame0":{"frame":{"x":58,"y":60,"w":55,"h":57},"rotated":false,"trimmed":false,"spriteSourceSize":{"x":0,"y":0,"w":55,"h":57},"sourceSize":{"w":55,"h":57},"anchor":{"x":0,"y":0},"shape":{"type":"rect","top":0,"bottom":57,"left":0,"right":55}},"Pig@frame0":{"frame":{"x":115,"y":1,"w":109,"h":139},"rotated":false,"trimmed":false,"spriteSourceSize":{"x":0,"y":0,"w":109,"h":139},"sourceSize":{"w":109,"h":139},"anchor":{"x":0,"y":0},"shape":{"type":"rect","top":0,"bottom":139,"left":0,"right":109}},"PigC@frame0":{"frame":{"x":1,"y":122,"w":109,"h":139},"rotated":false,"trimmed":false,"spriteSourceSize":{"x":0,"y":0,"w":109,"h":139},"sourceSize":{"w":109,"h":139},"anchor":{"x":0,"y":0},"shape":{"type":"rect","top":0,"bottom":139,"left":0,"right":109}},"PigL@frame0":{"frame":{"x":1,"y":263,"w":109,"h":139},"rotated":false,"trimmed":false,"spriteSourceSize":{"x":0,"y":0,"w":109,"h":139},"sourceSize":{"w":109,"h":139},"anchor":{"x":0,"y":0},"shape":{"type":"rect","top":0,"bottom":139,"left":0,"right":109}},"btnBack@frame0":{"frame":{"x":1,"y":404,"w":44,"h":70},"rotated":false,"trimmed":false,"spriteSourceSize":{"x":0,"y":0,"w":44,"h":70},"sourceSize":{"w":44,"h":70},"anchor":{"x":0,"y":0},"shape":{"type":"rect","top":0,"bottom":70,"left":0,"right":44}},"btnComenzar@frame0":{"frame":{"x":226,"y":1,"w":265,"h":70},"rotated":false,"trimmed":false,"spriteSourceSize":{"x":0,"y":0,"w":265,"h":70},"sourceSize":{"w":265,"h":70},"anchor":{"x":0,"y":0},"shape":{"type":"rect","top":0,"bottom":70,"left":0,"right":265}},"btnContinuar@frame0":{"frame":{"x":226,"y":73,"w":265,"h":70},"rotated":false,"trimmed":false,"spriteSourceSize":{"x":0,"y":0,"w":265,"h":70},"sourceSize":{"w":265,"h":70},"anchor":{"x":0,"y":0},"shape":{"type":"rect","top":0,"bottom":70,"left":0,"right":265}},"btn_comenzar@frame0":{"frame":{"x":47,"y":404,"w":356,"h":78},"rotated":false,"trimmed":false,"spriteSourceSize":{"x":0,"y":0,"w":356,"h":78},"sourceSize":{"w":356,"h":78},"anchor":{"x":0,"y":0},"shape":{"type":"rect","top":0,"bottom":78,"left":0,"right":356}},"btn_siguiente@frame0":{"frame":{"x":112,"y":145,"w":356,"h":78},"rotated":false,"trimmed":false,"spriteSourceSize":{"x":0,"y":0,"w":356,"h":78},"sourceSize":{"w":356,"h":78},"anchor":{"x":0,"y":0},"shape":{"type":"rect","top":0,"bottom":78,"left":0,"right":356}},"coins@frame0":{"frame":{"x":405,"y":225,"w":75,"h":74},"rotated":false,"trimmed":false,"spriteSourceSize":{"x":0,"y":0,"w":75,"h":74},"sourceSize":{"w":75,"h":74},"anchor":{"x":0.49333333333333335,"y":0.5},"shape":{"type":"circle","r":35}},"coins@frame1":{"frame":{"x":112,"y":301,"w":75,"h":74},"rotated":false,"trimmed":false,"spriteSourceSize":{"x":0,"y":0,"w":75,"h":74},"sourceSize":{"w":75,"h":74},"anchor":{"x":0.49333333333333335,"y":0.5},"shape":{"type":"circle","r":35}},"coins@frame2":{"frame":{"x":112,"y":225,"w":75,"h":74},"rotated":false,"trimmed":false,"spriteSourceSize":{"x":0,"y":0,"w":75,"h":74},"sourceSize":{"w":75,"h":74},"anchor":{"x":0.49333333333333335,"y":0.5},"shape":{"type":"circle","r":35}},"hircasa@frame0":{"frame":{"x":493,"y":1,"w":260,"h":260},"rotated":false,"trimmed":false,"spriteSourceSize":{"x":0,"y":0,"w":260,"h":260},"sourceSize":{"w":260,"h":260},"anchor":{"x":0,"y":0},"shape":{"type":"rect","top":0,"bottom":260,"left":0,"right":260}},"pigSprite@frame0":{"frame":{"x":189,"y":225,"w":109,"h":139},"rotated":false,"trimmed":false,"spriteSourceSize":{"x":0,"y":0,"w":109,"h":139},"sourceSize":{"w":109,"h":139},"anchor":{"x":0.4954128440366973,"y":0.4460431654676259},"shape":{"type":"circle","r":52}},"pigSprite@frame1":{"frame":{"x":755,"y":1,"w":109,"h":139},"rotated":false,"trimmed":false,"spriteSourceSize":{"x":0,"y":0,"w":109,"h":139},"sourceSize":{"w":109,"h":139},"anchor":{"x":0.4954128440366973,"y":0.4460431654676259},"shape":{"type":"circle","r":52}},"pigSprite@frame2":{"frame":{"x":866,"y":1,"w":109,"h":139},"rotated":false,"trimmed":false,"spriteSourceSize":{"x":0,"y":0,"w":109,"h":139},"sourceSize":{"w":109,"h":139},"anchor":{"x":0.4954128440366973,"y":0.4460431654676259},"shape":{"type":"circle","r":52}}},"animations":{"ArrowL":["ArrowL@frame0"],"ArrowR":["ArrowR@frame0"],"Coin1":["Coin1@frame0"],"Coin2":["Coin2@frame0"],"Coin3":["Coin3@frame0"],"Pig":["Pig@frame0"],"PigC":["PigC@frame0"],"PigL":["PigL@frame0"],"btnBack":["btnBack@frame0"],"btnComenzar":["btnComenzar@frame0"],"btnContinuar":["btnContinuar@frame0"],"btn_comenzar":["btn_comenzar@frame0"],"btn_siguiente":["btn_siguiente@frame0"],"coins":["coins@frame0","coins@frame1","coins@frame2"],"hircasa":["hircasa@frame0"],"pigSprite":["pigSprite@frame0","pigSprite@frame1","pigSprite@frame2"]}}
