{"meta":{"app":"https://ctjs.rocks/","version":"2.0.1","image":"a0.png","format":"RGBA8888","size":{"w":1024,"h":1024},"scale":"1"},"frames":{"ArrowL@frame0":{"frame":{"x":1,"y":1,"w":37,"h":29},"rotated":false,"trimmed":false,"spriteSourceSize":{"x":0,"y":0,"w":37,"h":29},"sourceSize":{"w":37,"h":29},"anchor":{"x":0,"y":0},"shape":{"type":"rect","top":0,"bottom":29,"left":0,"right":37}},"ArrowR@frame0":{"frame":{"x":1,"y":32,"w":37,"h":29},"rotated":false,"trimmed":false,"spriteSourceSize":{"x":0,"y":0,"w":37,"h":29},"sourceSize":{"w":37,"h":29},"anchor":{"x":0,"y":0},"shape":{"type":"rect","top":0,"bottom":29,"left":0,"right":37}},"Coin1@frame0":{"frame":{"x":1,"y":63,"w":55,"h":57},"rotated":false,"trimmed":false,"spriteSourceSize":{"x":0,"y":0,"w":55,"h":57},"sourceSize":{"w":55,"h":57},"anchor":{"x":0,"y":0},"shape":{"type":"rect","top":0,"bottom":57,"left":0,"right":55}},"Coin2@frame0":{"frame":{"x":40,"y":1,"w":55,"h":57},"rotated":false,"trimmed":false,"spriteSourceSize":{"x":0,"y":0,"w":55,"h":57},"sourceSize":{"w":55,"h":57},"anchor":{"x":0,"y":0},"shape":{"type":"rect","top":0,"bottom":57,"left":0,"right":55}},"Coin3@frame0":{"frame":{"x":58,"y":60,"w":55,"h":57},"rotated":false,"trimmed":false,"spriteSourceSize":{"x":0,"y":0,"w":55,"h":57},"sourceSize":{"w":55,"h":57},"anchor":{"x":0,"y":0},"shape":{"type":"rect","top":0,"bottom":57,"left":0,"right":55}},"Pig@frame0":{"frame":{"x":115,"y":1,"w":109,"h":139},"rotated":false,"trimmed":false,"spriteSourceSize":{"x":0,"y":0,"w":109,"h":139},"sourceSize":{"w":109,"h":139},"anchor":{"x":0,"y":0},"shape":{"type":"rect","top":0,"bottom":139,"left":0,"right":109}},"PigC@frame0":{"frame":{"x":1,"y":122,"w":109,"h":139},"rotated":false,"trimmed":false,"spriteSourceSize":{"x":0,"y":0,"w":109,"h":139},"sourceSize":{"w":109,"h":139},"anchor":{"x":0,"y":0},"shape":{"type":"rect","top":0,"bottom":139,"left":0,"right":109}},"PigL@frame0":{"frame":{"x":1,"y":263,"w":109,"h":139},"rotated":false,"trimmed":false,"spriteSourceSize":{"x":0,"y":0,"w":109,"h":139},"sourceSize":{"w":109,"h":139},"anchor":{"x":0,"y":0},"shape":{"type":"rect","top":0,"bottom":139,"left":0,"right":109}},"Placeholder@frame0":{"frame":{"x":1,"y":404,"w":64,"h":64},"rotated":false,"trimmed":false,"spriteSourceSize":{"x":0,"y":0,"w":64,"h":64},"sourceSize":{"w":64,"h":64},"anchor":{"x":0,"y":0},"shape":{"type":"rect","top":0,"bottom":64,"left":0,"right":64}},"btnBack@frame0":{"frame":{"x":67,"y":404,"w":44,"h":70},"rotated":false,"trimmed":false,"spriteSourceSize":{"x":0,"y":0,"w":44,"h":70},"sourceSize":{"w":44,"h":70},"anchor":{"x":0,"y":0},"shape":{"type":"rect","top":0,"bottom":70,"left":0,"right":44}},"btnComenzar@frame0":{"frame":{"x":226,"y":1,"w":265,"h":70},"rotated":false,"trimmed":false,"spriteSourceSize":{"x":0,"y":0,"w":265,"h":70},"sourceSize":{"w":265,"h":70},"anchor":{"x":0,"y":0},"shape":{"type":"rect","top":0,"bottom":70,"left":0,"right":265}},"btnContinuar@frame0":{"frame":{"x":226,"y":73,"w":265,"h":70},"rotated":false,"trimmed":false,"spriteSourceSize":{"x":0,"y":0,"w":265,"h":70},"sourceSize":{"w":265,"h":70},"anchor":{"x":0,"y":0},"shape":{"type":"rect","top":0,"bottom":70,"left":0,"right":265}},"btn_back@frame0":{"frame":{"x":113,"y":142,"w":106,"h":78},"rotated":false,"trimmed":false,"spriteSourceSize":{"x":0,"y":0,"w":106,"h":78},"sourceSize":{"w":106,"h":78},"anchor":{"x":0,"y":0},"shape":{"type":"rect","top":0,"bottom":78,"left":0,"right":106}},"btn_comenzar@frame0":{"frame":{"x":113,"y":222,"w":356,"h":78},"rotated":false,"trimmed":false,"spriteSourceSize":{"x":0,"y":0,"w":356,"h":78},"sourceSize":{"w":356,"h":78},"anchor":{"x":0,"y":0},"shape":{"type":"rect","top":0,"bottom":78,"left":0,"right":356}},"btn_siguiente@frame0":{"frame":{"x":112,"y":302,"w":356,"h":78},"rotated":false,"trimmed":false,"spriteSourceSize":{"x":0,"y":0,"w":356,"h":78},"sourceSize":{"w":356,"h":78},"anchor":{"x":0,"y":0},"shape":{"type":"rect","top":0,"bottom":78,"left":0,"right":356}},"coins@frame0":{"frame":{"x":221,"y":145,"w":75,"h":74},"rotated":false,"trimmed":false,"spriteSourceSize":{"x":0,"y":0,"w":75,"h":74},"sourceSize":{"w":75,"h":74},"anchor":{"x":0.49333333333333335,"y":0.5},"shape":{"type":"circle","r":35}},"coins@frame1":{"frame":{"x":298,"y":145,"w":75,"h":74},"rotated":false,"trimmed":false,"spriteSourceSize":{"x":0,"y":0,"w":75,"h":74},"sourceSize":{"w":75,"h":74},"anchor":{"x":0.49333333333333335,"y":0.5},"shape":{"type":"circle","r":35}},"coins@frame2":{"frame":{"x":375,"y":145,"w":75,"h":74},"rotated":false,"trimmed":false,"spriteSourceSize":{"x":0,"y":0,"w":75,"h":74},"sourceSize":{"w":75,"h":74},"anchor":{"x":0.49333333333333335,"y":0.5},"shape":{"type":"circle","r":35}},"hircasa@frame0":{"frame":{"x":493,"y":1,"w":260,"h":260},"rotated":false,"trimmed":false,"spriteSourceSize":{"x":0,"y":0,"w":260,"h":260},"sourceSize":{"w":260,"h":260},"anchor":{"x":0,"y":0},"shape":{"type":"rect","top":0,"bottom":260,"left":0,"right":260}},"linea@frame0":{"frame":{"x":471,"y":263,"w":546,"h":192},"rotated":false,"trimmed":false,"spriteSourceSize":{"x":0,"y":0,"w":546,"h":192},"sourceSize":{"w":546,"h":192},"anchor":{"x":0,"y":0.5},"shape":{"type":"rect","top":96,"bottom":96,"left":0,"right":546}},"nut@frame0":{"frame":{"x":452,"y":145,"w":28,"h":32},"rotated":false,"trimmed":false,"spriteSourceSize":{"x":0,"y":0,"w":28,"h":32},"sourceSize":{"w":28,"h":32},"anchor":{"x":0.5,"y":0.5},"shape":{"type":"rect","top":16,"bottom":16,"left":14,"right":14}},"pigSprite@frame0":{"frame":{"x":755,"y":1,"w":109,"h":139},"rotated":false,"trimmed":false,"spriteSourceSize":{"x":0,"y":0,"w":109,"h":139},"sourceSize":{"w":109,"h":139},"anchor":{"x":0.4954128440366973,"y":0.4460431654676259},"shape":{"type":"circle","r":52}},"pigSprite@frame1":{"frame":{"x":866,"y":1,"w":109,"h":139},"rotated":false,"trimmed":false,"spriteSourceSize":{"x":0,"y":0,"w":109,"h":139},"sourceSize":{"w":109,"h":139},"anchor":{"x":0.4954128440366973,"y":0.4460431654676259},"shape":{"type":"circle","r":52}},"pigSprite@frame2":{"frame":{"x":113,"y":382,"w":109,"h":139},"rotated":false,"trimmed":false,"spriteSourceSize":{"x":0,"y":0,"w":109,"h":139},"sourceSize":{"w":109,"h":139},"anchor":{"x":0.4954128440366973,"y":0.4460431654676259},"shape":{"type":"circle","r":52}},"playpause@frame0":{"frame":{"x":1,"y":470,"w":64,"h":64},"rotated":false,"trimmed":false,"spriteSourceSize":{"x":0,"y":0,"w":64,"h":64},"sourceSize":{"w":64,"h":64},"anchor":{"x":0.5,"y":0.5},"shape":{"type":"rect","top":32,"bottom":32,"left":32,"right":32}},"playpause@frame1":{"frame":{"x":755,"y":142,"w":64,"h":64},"rotated":false,"trimmed":false,"spriteSourceSize":{"x":0,"y":0,"w":64,"h":64},"sourceSize":{"w":64,"h":64},"anchor":{"x":0.5,"y":0.5},"shape":{"type":"rect","top":32,"bottom":32,"left":32,"right":32}},"playpause@frame2":{"frame":{"x":821,"y":142,"w":64,"h":64},"rotated":false,"trimmed":false,"spriteSourceSize":{"x":0,"y":0,"w":64,"h":64},"sourceSize":{"w":64,"h":64},"anchor":{"x":0.5,"y":0.5},"shape":{"type":"rect","top":32,"bottom":32,"left":32,"right":32}},"sillos@frame0":{"frame":{"x":224,"y":382,"w":128,"h":128},"rotated":false,"trimmed":false,"spriteSourceSize":{"x":0,"y":0,"w":128,"h":128},"sourceSize":{"w":128,"h":128},"anchor":{"x":0.5,"y":0.5},"shape":{"type":"rect","top":64,"bottom":64,"left":64,"right":64}},"sillos@frame1":{"frame":{"x":1,"y":536,"w":128,"h":128},"rotated":false,"trimmed":false,"spriteSourceSize":{"x":0,"y":0,"w":128,"h":128},"sourceSize":{"w":128,"h":128},"anchor":{"x":0.5,"y":0.5},"shape":{"type":"rect","top":64,"bottom":64,"left":64,"right":64}},"sillos@frame2":{"frame":{"x":1,"y":666,"w":128,"h":128},"rotated":false,"trimmed":false,"spriteSourceSize":{"x":0,"y":0,"w":128,"h":128},"sourceSize":{"w":128,"h":128},"anchor":{"x":0.5,"y":0.5},"shape":{"type":"rect","top":64,"bottom":64,"left":64,"right":64}},"sillos@frame3":{"frame":{"x":1,"y":796,"w":128,"h":128},"rotated":false,"trimmed":false,"spriteSourceSize":{"x":0,"y":0,"w":128,"h":128},"sourceSize":{"w":128,"h":128},"anchor":{"x":0.5,"y":0.5},"shape":{"type":"rect","top":64,"bottom":64,"left":64,"right":64}},"sillos@frame4":{"frame":{"x":131,"y":523,"w":128,"h":128},"rotated":false,"trimmed":false,"spriteSourceSize":{"x":0,"y":0,"w":128,"h":128},"sourceSize":{"w":128,"h":128},"anchor":{"x":0.5,"y":0.5},"shape":{"type":"rect","top":64,"bottom":64,"left":64,"right":64}},"thehomedepot@frame0":{"frame":{"x":131,"y":653,"w":129,"h":129},"rotated":false,"trimmed":false,"spriteSourceSize":{"x":0,"y":0,"w":129,"h":129},"sourceSize":{"w":129,"h":129},"anchor":{"x":0,"y":0},"shape":{"type":"rect","top":0,"bottom":129,"left":0,"right":129}},"timer@frame0":{"frame":{"x":755,"y":208,"w":154,"h":37},"rotated":false,"trimmed":false,"spriteSourceSize":{"x":0,"y":0,"w":154,"h":37},"sourceSize":{"w":154,"h":37},"anchor":{"x":0.5,"y":0.4864864864864865},"shape":{"type":"rect","top":18,"bottom":19,"left":77,"right":77}},"timer@frame1":{"frame":{"x":1,"y":926,"w":154,"h":37},"rotated":false,"trimmed":false,"spriteSourceSize":{"x":0,"y":0,"w":154,"h":37},"sourceSize":{"w":154,"h":37},"anchor":{"x":0.5,"y":0.4864864864864865},"shape":{"type":"rect","top":18,"bottom":19,"left":77,"right":77}},"timer@frame2":{"frame":{"x":1,"y":965,"w":154,"h":37},"rotated":false,"trimmed":false,"spriteSourceSize":{"x":0,"y":0,"w":154,"h":37},"sourceSize":{"w":154,"h":37},"anchor":{"x":0.5,"y":0.4864864864864865},"shape":{"type":"rect","top":18,"bottom":19,"left":77,"right":77}},"timer@frame3":{"frame":{"x":261,"y":512,"w":154,"h":37},"rotated":false,"trimmed":false,"spriteSourceSize":{"x":0,"y":0,"w":154,"h":37},"sourceSize":{"w":154,"h":37},"anchor":{"x":0.5,"y":0.4864864864864865},"shape":{"type":"rect","top":18,"bottom":19,"left":77,"right":77}},"timer@frame4":{"frame":{"x":354,"y":457,"w":154,"h":37},"rotated":false,"trimmed":false,"spriteSourceSize":{"x":0,"y":0,"w":154,"h":37},"sourceSize":{"w":154,"h":37},"anchor":{"x":0.5,"y":0.4864864864864865},"shape":{"type":"rect","top":18,"bottom":19,"left":77,"right":77}},"timer@frame5":{"frame":{"x":261,"y":551,"w":154,"h":37},"rotated":false,"trimmed":false,"spriteSourceSize":{"x":0,"y":0,"w":154,"h":37},"sourceSize":{"w":154,"h":37},"anchor":{"x":0.5,"y":0.4864864864864865},"shape":{"type":"rect","top":18,"bottom":19,"left":77,"right":77}},"timer@frame6":{"frame":{"x":261,"y":590,"w":154,"h":37},"rotated":false,"trimmed":false,"spriteSourceSize":{"x":0,"y":0,"w":154,"h":37},"sourceSize":{"w":154,"h":37},"anchor":{"x":0.5,"y":0.4864864864864865},"shape":{"type":"rect","top":18,"bottom":19,"left":77,"right":77}},"timer@frame7":{"frame":{"x":131,"y":784,"w":154,"h":37},"rotated":false,"trimmed":false,"spriteSourceSize":{"x":0,"y":0,"w":154,"h":37},"sourceSize":{"w":154,"h":37},"anchor":{"x":0.5,"y":0.4864864864864865},"shape":{"type":"rect","top":18,"bottom":19,"left":77,"right":77}},"timer@frame8":{"frame":{"x":131,"y":823,"w":154,"h":37},"rotated":false,"trimmed":false,"spriteSourceSize":{"x":0,"y":0,"w":154,"h":37},"sourceSize":{"w":154,"h":37},"anchor":{"x":0.5,"y":0.4864864864864865},"shape":{"type":"rect","top":18,"bottom":19,"left":77,"right":77}},"timer@frame9":{"frame":{"x":131,"y":862,"w":154,"h":37},"rotated":false,"trimmed":false,"spriteSourceSize":{"x":0,"y":0,"w":154,"h":37},"sourceSize":{"w":154,"h":37},"anchor":{"x":0.5,"y":0.4864864864864865},"shape":{"type":"rect","top":18,"bottom":19,"left":77,"right":77}},"timer@frame10":{"frame":{"x":157,"y":901,"w":154,"h":37},"rotated":false,"trimmed":false,"spriteSourceSize":{"x":0,"y":0,"w":154,"h":37},"sourceSize":{"w":154,"h":37},"anchor":{"x":0.5,"y":0.4864864864864865},"shape":{"type":"rect","top":18,"bottom":19,"left":77,"right":77}},"tools@frame0":{"frame":{"x":262,"y":629,"w":128,"h":128},"rotated":false,"trimmed":false,"spriteSourceSize":{"x":0,"y":0,"w":128,"h":128},"sourceSize":{"w":128,"h":128},"anchor":{"x":0.5,"y":0.5},"shape":{"type":"rect","top":64,"bottom":64,"left":64,"right":64}},"tools@frame1":{"frame":{"x":287,"y":759,"w":128,"h":128},"rotated":false,"trimmed":false,"spriteSourceSize":{"x":0,"y":0,"w":128,"h":128},"sourceSize":{"w":128,"h":128},"anchor":{"x":0.5,"y":0.5},"shape":{"type":"rect","top":64,"bottom":64,"left":64,"right":64}},"tools@frame2":{"frame":{"x":392,"y":629,"w":128,"h":128},"rotated":false,"trimmed":false,"spriteSourceSize":{"x":0,"y":0,"w":128,"h":128},"sourceSize":{"w":128,"h":128},"anchor":{"x":0.5,"y":0.5},"shape":{"type":"rect","top":64,"bottom":64,"left":64,"right":64}},"tools@frame3":{"frame":{"x":417,"y":496,"w":128,"h":128},"rotated":false,"trimmed":false,"spriteSourceSize":{"x":0,"y":0,"w":128,"h":128},"sourceSize":{"w":128,"h":128},"anchor":{"x":0.5,"y":0.5},"shape":{"type":"rect","top":64,"bottom":64,"left":64,"right":64}},"tools@frame4":{"frame":{"x":313,"y":889,"w":128,"h":128},"rotated":false,"trimmed":false,"spriteSourceSize":{"x":0,"y":0,"w":128,"h":128},"sourceSize":{"w":128,"h":128},"anchor":{"x":0.5,"y":0.5},"shape":{"type":"rect","top":64,"bottom":64,"left":64,"right":64}}},"animations":{"ArrowL":["ArrowL@frame0"],"ArrowR":["ArrowR@frame0"],"Coin1":["Coin1@frame0"],"Coin2":["Coin2@frame0"],"Coin3":["Coin3@frame0"],"Pig":["Pig@frame0"],"PigC":["PigC@frame0"],"PigL":["PigL@frame0"],"Placeholder":["Placeholder@frame0"],"btnBack":["btnBack@frame0"],"btnComenzar":["btnComenzar@frame0"],"btnContinuar":["btnContinuar@frame0"],"btn_back":["btn_back@frame0"],"btn_comenzar":["btn_comenzar@frame0"],"btn_siguiente":["btn_siguiente@frame0"],"coins":["coins@frame0","coins@frame1","coins@frame2"],"hircasa":["hircasa@frame0"],"linea":["linea@frame0"],"nut":["nut@frame0"],"pigSprite":["pigSprite@frame0","pigSprite@frame1","pigSprite@frame2"],"playpause":["playpause@frame0","playpause@frame1","playpause@frame2"],"sillos":["sillos@frame0","sillos@frame1","sillos@frame2","sillos@frame3","sillos@frame4"],"thehomedepot":["thehomedepot@frame0"],"timer":["timer@frame0","timer@frame1","timer@frame2","timer@frame3","timer@frame4","timer@frame5","timer@frame6","timer@frame7","timer@frame8","timer@frame9","timer@frame10"],"tools":["tools@frame0","tools@frame1","tools@frame2","tools@frame3","tools@frame4"]}}
